{"types":{"0":[{"name":"96well","catalog":"\t\t","status":"on","posx":"219","posy":"160.5","X":"85.48","Y":"127.76","Z":"50","marginx":"9","marginy":"14","shimx":"2","shimy":"0","wellrow":"12","wellcolumn":"8","wellrowsp":"9","wellcolumnsp":"9","shape":"ellipse","shapex":"7.05","shapey":"7.05","color":"15,173,41","ztrav":"0"},{"name":"pipette removal","catalog":"","status":"on","posx":"335","posy":"2.5","X":"85.48","Y":"20","Z":"60","marginx":"9","marginy":"14","shimx":"0","shimy":"0","wellrow":"1","wellcolumn":"8","wellrowsp":"9","wellcolumnsp":"9","shape":"ellipse","shapex":"7.05","shapey":"7.05","color":"255,187,151","ztrav":"60","0":{"pipettetype":"P20"}},{"name":"heatblock1","catalog":"","status":"on","posx":"30.5","posy":"204.5","X":"75","Y":"20","Z":"39.5","marginx":"2","marginy":"10","shimx":"0","shimy":"0","wellrow":"1","wellcolumn":"8","wellrowsp":"9","wellcolumnsp":"9","shape":"ellipse","shapex":"7.05","shapey":"7.05","color":"205,87,101","ztrav":"0"},{"name":"heatblock2","catalog":"","status":"on","posx":"31.5","posy":"265.5","X":"75","Y":"20","Z":"39","marginx":"2","marginy":"10","shimx":"0","shimy":"0","wellrow":"1","wellcolumn":"8","wellrowsp":"9","wellcolumnsp":"9","shape":"ellipse","shapex":"7.05","shapey":"7.05","color":"105,207,131","ztrav":"0"},{"name":"PCRcam","catalog":"","status":"on","posx":"-6.3","posy":"55","X":"100","Y":"58","Z":"47","marginx":"14","marginy":"40","shimx":"0","shimy":"0","wellrow":"1","wellcolumn":"8","wellrowsp":"9","wellcolumnsp":"9","shape":"ellipse","shapex":"7.05","shapey":"7.05","color":"50,237,101","ztrav":"0"},{"name":"wash station","catalog":"","status":"on","posx":"222","posy":"16","X":"92","Y":"40","Z":"32","marginx":"12","marginy":"26","shimx":"0","shimy":"0","wellrow":"1","wellcolumn":"8","wellrowsp":"9","wellcolumnsp":"9","shape":"ellipse","shapex":"7.05","shapey":"7.05","color":"155,174,121","ztrav":"0"},{"name":"drypad","catalog":"","status":"on","posx":"235.5","posy":"37","X":"70","Y":"20","Z":"17","marginx":"0","marginy":"20","shimx":"0","shimy":"0","wellrow":"1","wellcolumn":"1","wellrowsp":"9","wellcolumnsp":"9","shape":"square","shapex":"70","shapey":"20","color":"15,214,121","ztrav":"0","0":{"recorddrypositions":"on","dryspacing":"1","dryrefnum":"0","drypositions":[{"x":235.5,"y":57},{"x":235.5,"y":58},{"x":235.5,"y":59},{"x":235.5,"y":60},{"x":235.5,"y":61},{"x":235.5,"y":62},{"x":235.5,"y":63},{"x":235.5,"y":64},{"x":235.5,"y":65},{"x":235.5,"y":66},{"x":235.5,"y":67},{"x":235.5,"y":68},{"x":235.5,"y":69},{"x":235.5,"y":70},{"x":235.5,"y":71},{"x":235.5,"y":72},{"x":235.5,"y":73},{"x":235.5,"y":74},{"x":235.5,"y":75},{"x":235.5,"y":76},{"x":236.5,"y":57},{"x":236.5,"y":58},{"x":236.5,"y":59},{"x":236.5,"y":60},{"x":236.5,"y":61},{"x":236.5,"y":62},{"x":236.5,"y":63},{"x":236.5,"y":64},{"x":236.5,"y":65},{"x":236.5,"y":66},{"x":236.5,"y":67},{"x":236.5,"y":68},{"x":236.5,"y":69},{"x":236.5,"y":70},{"x":236.5,"y":71},{"x":236.5,"y":72},{"x":236.5,"y":73},{"x":236.5,"y":74},{"x":236.5,"y":75},{"x":236.5,"y":76},{"x":237.5,"y":57},{"x":237.5,"y":58},{"x":237.5,"y":59},{"x":237.5,"y":60},{"x":237.5,"y":61},{"x":237.5,"y":62},{"x":237.5,"y":63},{"x":237.5,"y":64},{"x":237.5,"y":65},{"x":237.5,"y":66},{"x":237.5,"y":67},{"x":237.5,"y":68},{"x":237.5,"y":69},{"x":237.5,"y":70},{"x":237.5,"y":71},{"x":237.5,"y":72},{"x":237.5,"y":73},{"x":237.5,"y":74},{"x":237.5,"y":75},{"x":237.5,"y":76},{"x":238.5,"y":57},{"x":238.5,"y":58},{"x":238.5,"y":59},{"x":238.5,"y":60},{"x":238.5,"y":61},{"x":238.5,"y":62},{"x":238.5,"y":63},{"x":238.5,"y":64},{"x":238.5,"y":65},{"x":238.5,"y":66},{"x":238.5,"y":67},{"x":238.5,"y":68},{"x":238.5,"y":69},{"x":238.5,"y":70},{"x":238.5,"y":71},{"x":238.5,"y":72},{"x":238.5,"y":73},{"x":238.5,"y":74},{"x":238.5,"y":75},{"x":238.5,"y":76},{"x":239.5,"y":57},{"x":239.5,"y":58},{"x":239.5,"y":59},{"x":239.5,"y":60},{"x":239.5,"y":61},{"x":239.5,"y":62},{"x":239.5,"y":63},{"x":239.5,"y":64},{"x":239.5,"y":65},{"x":239.5,"y":66},{"x":239.5,"y":67},{"x":239.5,"y":68},{"x":239.5,"y":69},{"x":239.5,"y":70},{"x":239.5,"y":71},{"x":239.5,"y":72},{"x":239.5,"y":73},{"x":239.5,"y":74},{"x":239.5,"y":75},{"x":239.5,"y":76},{"x":240.5,"y":57},{"x":240.5,"y":58},{"x":240.5,"y":59},{"x":240.5,"y":60},{"x":240.5,"y":61},{"x":240.5,"y":62},{"x":240.5,"y":63},{"x":240.5,"y":64},{"x":240.5,"y":65},{"x":240.5,"y":66},{"x":240.5,"y":67},{"x":240.5,"y":68},{"x":240.5,"y":69},{"x":240.5,"y":70},{"x":240.5,"y":71},{"x":240.5,"y":72},{"x":240.5,"y":73},{"x":240.5,"y":74},{"x":240.5,"y":75},{"x":240.5,"y":76},{"x":241.5,"y":57},{"x":241.5,"y":58},{"x":241.5,"y":59},{"x":241.5,"y":60},{"x":241.5,"y":61},{"x":241.5,"y":62},{"x":241.5,"y":63},{"x":241.5,"y":64},{"x":241.5,"y":65},{"x":241.5,"y":66},{"x":241.5,"y":67},{"x":241.5,"y":68},{"x":241.5,"y":69},{"x":241.5,"y":70},{"x":241.5,"y":71},{"x":241.5,"y":72},{"x":241.5,"y":73},{"x":241.5,"y":74},{"x":241.5,"y":75},{"x":241.5,"y":76},{"x":242.5,"y":57},{"x":242.5,"y":58},{"x":242.5,"y":59},{"x":242.5,"y":60},{"x":242.5,"y":61},{"x":242.5,"y":62},{"x":242.5,"y":63},{"x":242.5,"y":64},{"x":242.5,"y":65},{"x":242.5,"y":66},{"x":242.5,"y":67},{"x":242.5,"y":68},{"x":242.5,"y":69},{"x":242.5,"y":70},{"x":242.5,"y":71},{"x":242.5,"y":72},{"x":242.5,"y":73},{"x":242.5,"y":74},{"x":242.5,"y":75},{"x":242.5,"y":76},{"x":243.5,"y":57},{"x":243.5,"y":58},{"x":243.5,"y":59},{"x":243.5,"y":60},{"x":243.5,"y":61},{"x":243.5,"y":62},{"x":243.5,"y":63},{"x":243.5,"y":64},{"x":243.5,"y":65},{"x":243.5,"y":66},{"x":243.5,"y":67},{"x":243.5,"y":68},{"x":243.5,"y":69},{"x":243.5,"y":70},{"x":243.5,"y":71},{"x":243.5,"y":72},{"x":243.5,"y":73},{"x":243.5,"y":74},{"x":243.5,"y":75},{"x":243.5,"y":76}]}},{"name":"waste station","catalog":"","status":"on","posx":"234","posy":"22","X":"71","Y":"9","Z":"12","marginx":"0","marginy":"9","shimx":"0","shimy":"0","wellrow":"1","wellcolumn":"1","wellrowsp":"9","wellcolumnsp":"9","shape":"square","shapex":"71","shapey":"9","color":"215,214,21","ztrav":"0"},{"name":"384well","catalog":"\t\t","status":"off","posx":"75.0","posy":"165.7","X":"85.48","Y":"127.76","Z":"38","marginx":"9","marginy":"9","shimx":"1.1","shimy":"0","wellrow":"24","wellcolumn":"16","wellrowsp":"4.5","wellcolumnsp":"4.5","shape":"ellipse","shapex":"3","shapey":"3","color":"15,173,241","ztrav":"40"},{"name":"brightfieldcamera","catalog":"\t\t","status":"on","posx":"108","posy":"75","X":"100","Y":"25","Z":"45","marginx":"0","marginy":"0","shimx":"2","shimy":"0","wellrow":"0","wellcolumn":"0","wellrowsp":"0","wellcolumnsp":"0","shape":"ellipse","shapex":"7.05","shapey":"7.05","color":"15,73,81","ztrav":"0"},{"name":"wastecollection","catalog":"\t\t","status":"on","posx":"328","posy":"176","X":"80","Y":"25","Z":"30","marginx":"2","marginy":"4","shimx":"2","shimy":"0","wellrow":"1","wellcolumn":"1","wellrowsp":"1","wellcolumnsp":"1","shape":"ellipse","shapex":"7.05","shapey":"7.05","color":"105,3,81","ztrav":"0"}],"active":"drypad"},"tiploading":{"x":214,"y":132.5,"z":64.5},"tipremoval":{"x":217,"y":14,"z":60},"edittargets":1,"targetactive":"drypad","targettrack":6,"dim":{"x":220,"y":190}}