{"types":{"0":[{"name":"96well","catalog":"\t\t","status":"on","posx":"197.5","posy":"160.5","X":"85.48","Y":"127.76","Z":"53","marginx":"9","marginy":"14","shimx":"2","shimy":"0","wellrow":"12","wellcolumn":"8","wellrowsp":"9","wellcolumnsp":"9","shape":"ellipse","shapex":"7.05","shapey":"7.05","color":"15,173,41","ztrav":"0"},{"name":"pipette removal","catalog":"","status":"on","posx":"335","posy":"2.5","X":"85.48","Y":"20","Z":"60","marginx":"9","marginy":"14","shimx":"0","shimy":"0","wellrow":"1","wellcolumn":"8","wellrowsp":"9","wellcolumnsp":"9","shape":"ellipse","shapex":"7.05","shapey":"7.05","color":"255,187,151","ztrav":"60","0":{"pipettetype":"P20"}},{"name":"heatblock1","catalog":"","status":"off","posx":"13.5","posy":"223.2","X":"75","Y":"20","Z":"46","marginx":"2","marginy":"10","shimx":"0","shimy":"0","wellrow":"1","wellcolumn":"8","wellrowsp":"9","wellcolumnsp":"9","shape":"ellipse","shapex":"7.05","shapey":"7.05","color":"205,87,101","ztrav":"0"},{"name":"heatblock2","catalog":"","status":"off","posx":"20","posy":"145","X":"75","Y":"20","Z":"51","marginx":"2","marginy":"10","shimx":"0","shimy":"0","wellrow":"1","wellcolumn":"8","wellrowsp":"9","wellcolumnsp":"9","shape":"ellipse","shapex":"7.05","shapey":"7.05","color":"105,207,131","ztrav":"60"},{"name":"PCRcam","catalog":"","status":"on","posx":"-9.5","posy":"44","X":"100","Y":"58","Z":"40","marginx":"14","marginy":"40","shimx":"0","shimy":"0","wellrow":"1","wellcolumn":"8","wellrowsp":"9","wellcolumnsp":"9","shape":"ellipse","shapex":"7.05","shapey":"7.05","color":"50,237,101","ztrav":"0"},{"name":"wash station","catalog":"","status":"on","posx":"223.5","posy":"10","X":"92","Y":"40","Z":"25","marginx":"12","marginy":"26","shimx":"0","shimy":"0","wellrow":"1","wellcolumn":"8","wellrowsp":"9","wellcolumnsp":"9","shape":"ellipse","shapex":"7.05","shapey":"7.05","color":"155,174,121","ztrav":"0"},{"name":"drypad","catalog":"","status":"on","posx":"235.5","posy":"31","X":"70","Y":"20","Z":"13","marginx":"0","marginy":"20","shimx":"0","shimy":"0","wellrow":"1","wellcolumn":"1","wellrowsp":"9","wellcolumnsp":"9","shape":"square","shapex":"70","shapey":"20","color":"15,214,121","ztrav":"0","0":{"recorddrypositions":"on","dryspacing":"1","dryrefnum":"0","drypositions":[{"x":235.5,"y":51},{"x":235.5,"y":52},{"x":235.5,"y":53},{"x":235.5,"y":54},{"x":235.5,"y":55},{"x":235.5,"y":56},{"x":235.5,"y":57},{"x":235.5,"y":58},{"x":235.5,"y":59},{"x":235.5,"y":60},{"x":235.5,"y":61},{"x":235.5,"y":62},{"x":235.5,"y":63},{"x":235.5,"y":64},{"x":235.5,"y":65},{"x":235.5,"y":66},{"x":235.5,"y":67},{"x":235.5,"y":68},{"x":235.5,"y":69},{"x":235.5,"y":70},{"x":236.5,"y":51},{"x":236.5,"y":52},{"x":236.5,"y":53},{"x":236.5,"y":54},{"x":236.5,"y":55},{"x":236.5,"y":56},{"x":236.5,"y":57},{"x":236.5,"y":58},{"x":236.5,"y":59},{"x":236.5,"y":60},{"x":236.5,"y":61},{"x":236.5,"y":62},{"x":236.5,"y":63},{"x":236.5,"y":64},{"x":236.5,"y":65},{"x":236.5,"y":66},{"x":236.5,"y":67},{"x":236.5,"y":68},{"x":236.5,"y":69},{"x":236.5,"y":70},{"x":237.5,"y":51},{"x":237.5,"y":52},{"x":237.5,"y":53},{"x":237.5,"y":54},{"x":237.5,"y":55},{"x":237.5,"y":56},{"x":237.5,"y":57},{"x":237.5,"y":58},{"x":237.5,"y":59},{"x":237.5,"y":60},{"x":237.5,"y":61},{"x":237.5,"y":62},{"x":237.5,"y":63},{"x":237.5,"y":64},{"x":237.5,"y":65},{"x":237.5,"y":66},{"x":237.5,"y":67},{"x":237.5,"y":68},{"x":237.5,"y":69},{"x":237.5,"y":70},{"x":238.5,"y":51},{"x":238.5,"y":52},{"x":238.5,"y":53},{"x":238.5,"y":54},{"x":238.5,"y":55},{"x":238.5,"y":56},{"x":238.5,"y":57},{"x":238.5,"y":58},{"x":238.5,"y":59},{"x":238.5,"y":60},{"x":238.5,"y":61},{"x":238.5,"y":62},{"x":238.5,"y":63},{"x":238.5,"y":64},{"x":238.5,"y":65},{"x":238.5,"y":66},{"x":238.5,"y":67},{"x":238.5,"y":68},{"x":238.5,"y":69},{"x":238.5,"y":70},{"x":239.5,"y":51},{"x":239.5,"y":52},{"x":239.5,"y":53},{"x":239.5,"y":54},{"x":239.5,"y":55},{"x":239.5,"y":56},{"x":239.5,"y":57},{"x":239.5,"y":58},{"x":239.5,"y":59},{"x":239.5,"y":60},{"x":239.5,"y":61},{"x":239.5,"y":62},{"x":239.5,"y":63},{"x":239.5,"y":64},{"x":239.5,"y":65},{"x":239.5,"y":66},{"x":239.5,"y":67},{"x":239.5,"y":68},{"x":239.5,"y":69},{"x":239.5,"y":70},{"x":240.5,"y":51},{"x":240.5,"y":52},{"x":240.5,"y":53},{"x":240.5,"y":54},{"x":240.5,"y":55},{"x":240.5,"y":56},{"x":240.5,"y":57},{"x":240.5,"y":58},{"x":240.5,"y":59},{"x":240.5,"y":60},{"x":240.5,"y":61},{"x":240.5,"y":62},{"x":240.5,"y":63},{"x":240.5,"y":64},{"x":240.5,"y":65},{"x":240.5,"y":66},{"x":240.5,"y":67},{"x":240.5,"y":68},{"x":240.5,"y":69},{"x":240.5,"y":70},{"x":241.5,"y":51},{"x":241.5,"y":52},{"x":241.5,"y":53},{"x":241.5,"y":54},{"x":241.5,"y":55},{"x":241.5,"y":56},{"x":241.5,"y":57},{"x":241.5,"y":58},{"x":241.5,"y":59},{"x":241.5,"y":60},{"x":241.5,"y":61},{"x":241.5,"y":62},{"x":241.5,"y":63},{"x":241.5,"y":64},{"x":241.5,"y":65},{"x":241.5,"y":66},{"x":241.5,"y":67},{"x":241.5,"y":68},{"x":241.5,"y":69},{"x":241.5,"y":70},{"x":242.5,"y":51},{"x":242.5,"y":52},{"x":242.5,"y":53},{"x":242.5,"y":54},{"x":242.5,"y":55},{"x":242.5,"y":56},{"x":242.5,"y":57},{"x":242.5,"y":58},{"x":242.5,"y":59},{"x":242.5,"y":60},{"x":242.5,"y":61},{"x":242.5,"y":62},{"x":242.5,"y":63},{"x":242.5,"y":64},{"x":242.5,"y":65},{"x":242.5,"y":66},{"x":242.5,"y":67},{"x":242.5,"y":68},{"x":242.5,"y":69},{"x":242.5,"y":70},{"x":243.5,"y":51},{"x":243.5,"y":52},{"x":243.5,"y":53},{"x":243.5,"y":54},{"x":243.5,"y":55},{"x":243.5,"y":56},{"x":243.5,"y":57},{"x":243.5,"y":58},{"x":243.5,"y":59},{"x":243.5,"y":60},{"x":243.5,"y":61},{"x":243.5,"y":62},{"x":243.5,"y":63},{"x":243.5,"y":64},{"x":243.5,"y":65},{"x":243.5,"y":66},{"x":243.5,"y":67},{"x":243.5,"y":68},{"x":243.5,"y":69},{"x":243.5,"y":70}]}},{"name":"waste station","catalog":"","status":"on","posx":"235.5","posy":"15","X":"71","Y":"9","Z":"12","marginx":"0","marginy":"9","shimx":"0","shimy":"0","wellrow":"1","wellcolumn":"1","wellrowsp":"9","wellcolumnsp":"9","shape":"square","shapex":"71","shapey":"9","color":"215,214,21","ztrav":"0"},{"name":"384well","catalog":"\t\t","status":"off","posx":"75.0","posy":"165.7","X":"85.48","Y":"127.76","Z":"48","marginx":"9","marginy":"9","shimx":"1.1","shimy":"0","wellrow":"24","wellcolumn":"16","wellrowsp":"4.5","wellcolumnsp":"4.5","shape":"ellipse","shapex":"3","shapey":"3","color":"15,173,241","ztrav":"40"}],"active":"96well"},"tiploading":{"x":214,"y":132.5,"z":64.5},"tipremoval":{"x":217,"y":14,"z":60},"edittargets":1,"targetactive":"96well","targettrack":0,"dim":{"x":220,"y":190}}