{"types":{"0":[{"name":"pipette tips","catalog":"\t\t","status":"on","posx":"216.40","posy":"85","X":"85.48","Y":"127.76","Z":"54","marginx":"9","marginy":"14","wellrow":"12","wellcolumn":"8","wellrowsp":"9","wellcolumnsp":"9","shape":"ellipse","shapex":"7.05","shapey":"7.05","color":"255,87,151","ztrav":"64"},{"name":"pipette removal","catalog":"","status":"on","posx":"217","posy":"0","X":"85.48","Y":"20","Z":"6","marginx":"9","marginy":"14","wellrow":"1","wellcolumn":"8","wellrowsp":"9","wellcolumnsp":"9","shape":"ellipse","shapex":"7.05","shapey":"7.05","color":"255,187,151","ztrav":"60"},{"name":"heatblock1","catalog":"","status":"on","posx":"20","posy":"100","X":"75","Y":"20","Z":"51","marginx":"2","marginy":"10","wellrow":"1","wellcolumn":"8","wellrowsp":"9","wellcolumnsp":"9","shape":"ellipse","shapex":"7.05","shapey":"7.05","color":"205,87,101","ztrav":"60"},{"name":"heatblock2","catalog":"","status":"on","posx":"20","posy":"145","X":"75","Y":"20","Z":"51","marginx":"2","marginy":"10","wellrow":"1","wellcolumn":"8","wellrowsp":"9","wellcolumnsp":"9","shape":"ellipse","shapex":"7.05","shapey":"7.05","color":"105,207,131","ztrav":"60"},{"name":"PCRcam","catalog":"","status":"on","posx":"20","posy":"20","X":"100","Y":"58","Z":"67","marginx":"14","marginy":"40","wellrow":"1","wellcolumn":"8","wellrowsp":"9","wellcolumnsp":"9","shape":"ellipse","shapex":"7.05","shapey":"7.05","color":"50,237,101","ztrav":"60"},{"name":"wash station","catalog":"","status":"on","posx":"124","posy":"23","X":"92","Y":"44","Z":"20","marginx":"12","marginy":"27","wellrow":"1","wellcolumn":"8","wellrowsp":"9","wellcolumnsp":"9","shape":"ellipse","shapex":"7.05","shapey":"7.05","color":"155,174,121","ztrav":"60"}],"active":"wash station"},"tiploading":{"x":214,"y":132.5,"z":64.5},"tipremoval":{"x":217,"y":14,"z":60},"edittargets":1,"targetactive":"wash station","targettrack":5,"dim":{"x":220,"y":190}}
