{"program":["\/\/aspirationoilair_position","G1Z0F3000\r","G1X250Y238.5Z0F3000\r","G1Z40.5F3000\r","\/\/valve-1_1_1_1_1_1_1_1-valveinput\r","valve-1_1_1_1_1_1_1_1-input\r","\/\/syringe 300 speed 40 acc 20\r","sg1e300s40a20_10\r","\/\/valve-1_1_1_1_1_1_1_1-valveoutput\r","valve-1_1_1_1_1_1_1_1-output\r","\/\/syringe 350 speed 20 acc 10\r","sg1e350s20a10_6\r","\/\/valve-1_1_1_1_1_1_1_1-valvebypass\r","valve-1_1_1_1_1_1_1_1-bypass\r","G1Z53.5F300_3\r","\/\/valve-1_1_1_1_1_1_1_1-valveoutput\r","valve-1_1_1_1_1_1_1_1-output\r","\/\/syringe 370 speed 6 acc 3\r","sg1e385s6a3_12\r","\/\/valve-1_1_1_1_1_1_1_1-valvebypass\r","valve-1_1_1_1_1_1_1_1-bypass\r","G1Z40.5F500_4\r","\/\/valve-1_1_1_1_1_1_1_1-valveoutput\r","valve-1_1_1_1_1_1_1_1-output\r","\/\/syringe 375 speed 6 acc 3\r","sg1e390s6a3_12\r","\/\/valve-1_1_1_1_1_1_1_1-valvebypass\r","valve-1_1_1_1_1_1_1_1-bypass\r","G1Z0F3000\r",""],"drypositions":[{"x":235.5,"y":57},{"x":235.5,"y":58},{"x":235.5,"y":59},{"x":235.5,"y":60},{"x":235.5,"y":61},{"x":235.5,"y":62},{"x":235.5,"y":63},{"x":235.5,"y":64},{"x":235.5,"y":65},{"x":235.5,"y":66},{"x":235.5,"y":67},{"x":235.5,"y":68},{"x":235.5,"y":69},{"x":235.5,"y":70},{"x":235.5,"y":71},{"x":235.5,"y":72},{"x":235.5,"y":73},{"x":235.5,"y":74},{"x":235.5,"y":75},{"x":235.5,"y":76},{"x":236.5,"y":57},{"x":236.5,"y":58},{"x":236.5,"y":59},{"x":236.5,"y":60},{"x":236.5,"y":61},{"x":236.5,"y":62},{"x":236.5,"y":63},{"x":236.5,"y":64},{"x":236.5,"y":65},{"x":236.5,"y":66},{"x":236.5,"y":67},{"x":236.5,"y":68},{"x":236.5,"y":69},{"x":236.5,"y":70},{"x":236.5,"y":71},{"x":236.5,"y":72},{"x":236.5,"y":73},{"x":236.5,"y":74},{"x":236.5,"y":75},{"x":236.5,"y":76},{"x":237.5,"y":57},{"x":237.5,"y":58},{"x":237.5,"y":59},{"x":237.5,"y":60},{"x":237.5,"y":61},{"x":237.5,"y":62},{"x":237.5,"y":63},{"x":237.5,"y":64},{"x":237.5,"y":65},{"x":237.5,"y":66},{"x":237.5,"y":67},{"x":237.5,"y":68},{"x":237.5,"y":69},{"x":237.5,"y":70},{"x":237.5,"y":71},{"x":237.5,"y":72},{"x":237.5,"y":73},{"x":237.5,"y":74},{"x":237.5,"y":75},{"x":237.5,"y":76},{"x":238.5,"y":57},{"x":238.5,"y":58},{"x":238.5,"y":59},{"x":238.5,"y":60},{"x":238.5,"y":61},{"x":238.5,"y":62},{"x":238.5,"y":63},{"x":238.5,"y":64},{"x":238.5,"y":65},{"x":238.5,"y":66},{"x":238.5,"y":67},{"x":238.5,"y":68},{"x":238.5,"y":69},{"x":238.5,"y":70},{"x":238.5,"y":71},{"x":238.5,"y":72},{"x":238.5,"y":73},{"x":238.5,"y":74},{"x":238.5,"y":75},{"x":238.5,"y":76},{"x":239.5,"y":57},{"x":239.5,"y":58},{"x":239.5,"y":59},{"x":239.5,"y":60},{"x":239.5,"y":61},{"x":239.5,"y":62},{"x":239.5,"y":63},{"x":239.5,"y":64},{"x":239.5,"y":65},{"x":239.5,"y":66},{"x":239.5,"y":67},{"x":239.5,"y":68},{"x":239.5,"y":69},{"x":239.5,"y":70},{"x":239.5,"y":71},{"x":239.5,"y":72},{"x":239.5,"y":73},{"x":239.5,"y":74},{"x":239.5,"y":75},{"x":239.5,"y":76},{"x":240.5,"y":57},{"x":240.5,"y":58},{"x":240.5,"y":59},{"x":240.5,"y":60},{"x":240.5,"y":61},{"x":240.5,"y":62},{"x":240.5,"y":63},{"x":240.5,"y":64},{"x":240.5,"y":65},{"x":240.5,"y":66},{"x":240.5,"y":67},{"x":240.5,"y":68},{"x":240.5,"y":69},{"x":240.5,"y":70},{"x":240.5,"y":71},{"x":240.5,"y":72},{"x":240.5,"y":73},{"x":240.5,"y":74},{"x":240.5,"y":75},{"x":240.5,"y":76},{"x":241.5,"y":57},{"x":241.5,"y":58},{"x":241.5,"y":59},{"x":241.5,"y":60},{"x":241.5,"y":61},{"x":241.5,"y":62},{"x":241.5,"y":63},{"x":241.5,"y":64},{"x":241.5,"y":65},{"x":241.5,"y":66},{"x":241.5,"y":67},{"x":241.5,"y":68},{"x":241.5,"y":69},{"x":241.5,"y":70},{"x":241.5,"y":71},{"x":241.5,"y":72},{"x":241.5,"y":73},{"x":241.5,"y":74},{"x":241.5,"y":75},{"x":241.5,"y":76},{"x":242.5,"y":57},{"x":242.5,"y":58},{"x":242.5,"y":59},{"x":242.5,"y":60},{"x":242.5,"y":61},{"x":242.5,"y":62},{"x":242.5,"y":63},{"x":242.5,"y":64},{"x":242.5,"y":65},{"x":242.5,"y":66},{"x":242.5,"y":67},{"x":242.5,"y":68},{"x":242.5,"y":69},{"x":242.5,"y":70},{"x":242.5,"y":71},{"x":242.5,"y":72},{"x":242.5,"y":73},{"x":242.5,"y":74},{"x":242.5,"y":75},{"x":242.5,"y":76},{"x":243.5,"y":57},{"x":243.5,"y":58},{"x":243.5,"y":59},{"x":243.5,"y":60},{"x":243.5,"y":61},{"x":243.5,"y":62},{"x":243.5,"y":63},{"x":243.5,"y":64},{"x":243.5,"y":65},{"x":243.5,"y":66},{"x":243.5,"y":67},{"x":243.5,"y":68},{"x":243.5,"y":69},{"x":243.5,"y":70},{"x":243.5,"y":71},{"x":243.5,"y":72},{"x":243.5,"y":73},{"x":243.5,"y":74},{"x":243.5,"y":75},{"x":243.5,"y":76}],"dryrefnum":"0"}