{"macros":[{"fname":"thermocycle1","content":["\/\/motion heatblock1 zh 0 row 1 F3000\r","G1Z0F3000\r","G1X16.5Y231.2F3000_5\r","G1Z53F3000_30\r","\/\/motion heatblock2 zh 0 row 1 F3000\r","G1Z0F3000\r","G1X17Y273F3000\r","G1Z53F3000_180\r","\/\/motion PCRcam zh 0 row 1 F3000\r","G1Z0F3000\r","G1X5.5Y83.5F3000\r","G1Z46F3000_3\r","G1Z0F3000\r",""]},{"fname":"heatblocksequence","content":["\/\/heablocktemplate\r","\/\/heablocktemplate\r","\/\/motion heatblock1 zh 0 row 1 F3000\r","G1Z0F3000\r","G1X34Y198.5Z0F3000_6\r","G1Z32F2000\r","G1Z42F400_30\r","\/\/motion heatblock2 zh 0 row 1 F3000\r","G1Z0F3000\r","G1X36Y248Z0F3000_5\r","G1Z32F2000_2\r","G1Z42F400_180\r","G1Z0F3000\r",""]},{"fname":"shakevalves","content":["\/\/valve-1_1_1_1_1_1_1_1-valveinput\r","valve-1_1_1_1_1_1_1_1-input\r","G1Z0F1000_0.5\r","\/\/valve-1_1_1_1_1_1_1_1-valveoutput\r","valve-1_1_1_1_1_1_1_1-output\r","G1Z0F1000_0.5\r","\/\/valve-1_1_1_1_1_1_1_1-valveinput\r","valve-1_1_1_1_1_1_1_1-input\r","G1Z0F1000_0.5\r","\/\/valve-1_1_1_1_1_1_1_1-valveoutput\r","valve-1_1_1_1_1_1_1_1-output\r","G1Z0F1000_0.5\r","\/\/valve-1_1_1_1_1_1_1_1-valveinput\r","valve-1_1_1_1_1_1_1_1-input\r","G1Z0F1000_0.5\r","\/\/valve-1_1_1_1_1_1_1_1-valveoutput\r","valve-1_1_1_1_1_1_1_1-output\r","G1Z0F1000_0.5\r",""]},{"fname":"thermomodel","content":["\/\/thermomodel\r","\/\/thermomodel\r","G1X34.5Y276Z0F3000\r","G1X34.5Y276Z11.0F3000\r","G1X34.5Y276Z38F500_8\r","valve-1_1_1_1_1_1_1_1-output\r","sg1e325s6a3_4\r","valve-1_1_1_1_1_1_1_1-bypass\r","G1X34.5Y276Z38F500_7\r","G1X34.5Y276Z0F3000\r","G1X33.5Y213Z0F5000\r","G1X33.5Y213Z11F5000\r","G1X33.5Y213Z38F500_30\r","G1X33.5Y213Z0F3000\r",""]},{"fname":"startup","content":["\/\/heatblockstemp block1 62 block2 98\r","M104 T0 S60\r","M104 T1 S95\r","\/\/flash_192.168.1.89 4 on\r","flashon_192.168.1.89\r",""]},{"fname":"flushpipettes","content":["\/\/flushpipettes\r","\/\/flushpipettes\r","\/\/flushpipettes\r","\/\/motion waste station zh 0 row 1 F3000\r","G1Z0F3000\r","G1X234Y31F3000\r","G1Z12F3000\r","\/\/valve-1_1_1_1_1_1_1_1-valveinput\r","valve-1_1_1_1_1_1_1_1-input\r","\/\/syringe 300 speed 40 acc 20\r","sg1e300s40a20_10\r","\/\/valve-1_1_1_1_1_1_1_1-valveoutput\r","valve-1_1_1_1_1_1_1_1-output\r","\/\/waste 2 on\r","wasteon\r","\/\/syringe 0 speed 40 acc 20\r","sg1e0s40a20_10\r","\/\/valve-1_1_1_1_1_1_1_1-valvebypass\r","valve-1_1_1_1_1_1_1_1-bypass\r","\/\/just dry function\r","touchdry Z16F3000ZT0T0.1\r","\/\/motion waste station zh 0 row 1 F3000\r","wasteoff\r","G1Z0F3000\r","G1X234Y31F3000\r","G1Z12F3000\r",""]},{"fname":"aspirationposition","content":["G1X250Y211.5Z0F3000\r","G1X250Y211.5Z40.5F3000\r","G1X250Y211.5Z53.5F300\r",""]},{"fname":"aspirationposition_aspirate","content":["G1X250Y211.5Z0F3000\r","G1X250Y211.5Z40.5F3000\r","\/\/valve-1_1_1_1_1_1_1_1-valveinput\r","valve-1_1_1_1_1_1_1_1-input\r","\/\/syringe 300 speed 40 acc 20\r","sg1e300s40a20_10\r","\/\/valve-1_1_1_1_1_1_1_1-valveoutput\r","valve-1_1_1_1_1_1_1_1-output\r","\/\/syringe 350 speed 20 acc 10\r","sg1e350s20a10_6\r","\/\/valve-1_1_1_1_1_1_1_1-valvebypass\r","valve-1_1_1_1_1_1_1_1-bypass\r","G1X250Y211.5Z53.5F300_3\r","\/\/valve-1_1_1_1_1_1_1_1-valveoutput\r","valve-1_1_1_1_1_1_1_1-output\r","\/\/syringe 357 speed 6 acc 3\r","sg1e357s6a3_6\r","\/\/valve-1_1_1_1_1_1_1_1-valvebypass\r","valve-1_1_1_1_1_1_1_1-bypass\r",""]},{"fname":"tubepositions","content":["G1X347Y181.5Z0.0F3000\r","G1X347Y181.5Z34.0F3000\r","G1X347Y181.5Z44.0F300\r","G1X347Y181.5Z44.5F300_2\r","G1X347Y181.5Z34.0F500\r","G1X347Y181.5Z44.0F300\r","G1X347Y181.5Z44.5F300_2\r","G1X347Y181.5Z34.0F500\r","G1X347Y181.5Z0F3000\r",""]},{"fname":"heatblockpos60","content":["G1Z0F3000\r","G1X33.5Y218.5Z0F3000\r","G1X33.5Y218.5Z14.5F3000\r","G1X33.5Y218.5Z29F300\r",""]},{"fname":"heatblockpos95","content":["G1Z0F3000\r","G1X36.5Y272Z0F3000\r","G1X36.5Y272Z14.5F3000\r","G1X36.5Y272Z29F300\r",""]},{"fname":"PCRcam_positioner","content":["\/\/PCRcam_positioner\r","\/\/motion PCRcam zh 0 row 1 F3000\r","G1Z0F3000\r","\/\/1\r","G1X10.5Y98F3000\r","G1Z26.5F3000_2\r","snap 192.168.1.89_400_50_tuberun_t1\r","\/\/2\r","G1X10.3Y98F3000\r","G1Z27F3000_2\r","snap 192.168.1.89_400_50_tuberun_t2\r","\/\/3\r","G1X10.1Y98F3000\r","G1Z27.5F3000_2\r","snap 192.168.1.89_400_50_tuberun_t3\r","\/\/4\r","G1X9.8Y98F3000\r","G1Z27.8F3000_2\r","snap 192.168.1.89_400_50_tuberun_t4\r","\/\/5\r","G1X9.3Y98F3000\r","G1Z29F3000_2\r","snap 192.168.1.89_400_50_tuberun_t5\r","\/\/6\r","G1X9.1Y98F3000\r","G1Z29.4F3000_2\r","snap 192.168.1.89_400_50_tuberun_t6\r","\/\/7\r","G1X9.1Y98F3000\r","G1Z29.8F3000_2\r","snap 192.168.1.89_400_50_tuberun_t7\r",""]},{"fname":"aspirationsample","content":["G1Z0F3000\r","G1X250Y211.5Z0F3000\r","G1X250Y211.5Z40.5F3000\r","G1X250Y211.5Z53.5F300_3\r","\/\/valve-1_1_1_1_1_1_1_1-valveoutput\r","valve-1_1_1_1_1_1_1_1-output\r","\/\/syringe 398 speed 6 acc 3\r","sg1e398s6a3_8\r","\/\/valve-1_1_1_1_1_1_1_1-valvebypass\r","valve-1_1_1_1_1_1_1_1-bypass\r","G1Z40.5F500\r","G1Z0F3000\r",""]},{"fname":"dispenseintotubes","content":["\/\/valve-1_1_1_1_1_1_1_1-valveinput\r","valve-1_1_1_1_1_1_1_1-input\r","\/\/syringe 293 speed 40 acc 20\r","sg1e298s40a20_8\r","\/\/valve-1_1_1_1_1_1_1_1-valveoutput\r","valve-1_1_1_1_1_1_1_1-output\r","\/\/syringe 245 speed 40 acc 20\r","sg1e240s40a20_8\r","\/\/valve-1_1_1_1_1_1_1_1-valvebypass\r","valve-1_1_1_1_1_1_1_1-bypass\r",""]},{"fname":"aspirationoilair_position","content":["G1Z0F3000\r","G1X250Y238.5Z0F3000\r","G1Z40.5F3000\r","\/\/valve-1_1_1_1_1_1_1_1-valveinput\r","valve-1_1_1_1_1_1_1_1-input\r","\/\/syringe 300 speed 40 acc 20\r","sg1e300s40a20_10\r","\/\/valve-1_1_1_1_1_1_1_1-valveoutput\r","valve-1_1_1_1_1_1_1_1-output\r","\/\/syringe 350 speed 20 acc 10\r","sg1e350s20a10_6\r","\/\/valve-1_1_1_1_1_1_1_1-valvebypass\r","valve-1_1_1_1_1_1_1_1-bypass\r","G1Z53.5F300_3\r","\/\/valve-1_1_1_1_1_1_1_1-valveoutput\r","valve-1_1_1_1_1_1_1_1-output\r","\/\/syringe 370 speed 6 acc 3\r","sg1e385s6a3_12\r","\/\/valve-1_1_1_1_1_1_1_1-valvebypass\r","valve-1_1_1_1_1_1_1_1-bypass\r","G1Z40.5F500_4\r","\/\/valve-1_1_1_1_1_1_1_1-valveoutput\r","valve-1_1_1_1_1_1_1_1-output\r","\/\/syringe 375 speed 6 acc 3\r","sg1e390s6a3_12\r","\/\/valve-1_1_1_1_1_1_1_1-valvebypass\r","valve-1_1_1_1_1_1_1_1-bypass\r","G1Z0F3000\r",""]},{"fname":"thermocycle_25","content":["\/\/heatblockpos95 cycle 0\r","G1Z0F3000\r","G1X36.5Y272Z0F3000\r","G1X36.5Y272Z14.5F3000\r","G1X36.5Y272Z29F300_30\r","\/\/heatblockpos60\r","G1Z0F3000\r","G1X33.5Y218.5Z0F3000\r","G1X33.5Y218.5Z14.5F3000\r","G1X33.5Y218.5Z29F300_180\r","\/\/heatblockpos95 cycle 1\r","G1Z0F3000\r","G1X36.5Y272Z0F3000\r","G1X36.5Y272Z14.5F3000\r","G1X36.5Y272Z29F300_30\r","\/\/heatblockpos60\r","G1Z0F3000\r","G1X33.5Y218.5Z0F3000\r","G1X33.5Y218.5Z14.5F3000\r","G1X33.5Y218.5Z29F300_180\r","\/\/heatblockpos95 cycle 2\r","G1Z0F3000\r","G1X36.5Y272Z0F3000\r","G1X36.5Y272Z14.5F3000\r","G1X36.5Y272Z29F300_30\r","\/\/heatblockpos60\r","G1Z0F3000\r","G1X33.5Y218.5Z0F3000\r","G1X33.5Y218.5Z14.5F3000\r","G1X33.5Y218.5Z29F300_180\r","\/\/heatblockpos95 cycle 3\r","G1Z0F3000\r","G1X36.5Y272Z0F3000\r","G1X36.5Y272Z14.5F3000\r","G1X36.5Y272Z29F300_30\r","\/\/heatblockpos60\r","G1Z0F3000\r","G1X33.5Y218.5Z0F3000\r","G1X33.5Y218.5Z14.5F3000\r","G1X33.5Y218.5Z29F300_180\r","\/\/heatblockpos95 cycle 4\r","G1Z0F3000\r","G1X36.5Y272Z0F3000\r","G1X36.5Y272Z14.5F3000\r","G1X36.5Y272Z29F300_30\r","\/\/heatblockpos60\r","G1Z0F3000\r","G1X33.5Y218.5Z0F3000\r","G1X33.5Y218.5Z14.5F3000\r","G1X33.5Y218.5Z29F300_180\r","\/\/heatblockpos95 cycle 5\r","G1Z0F3000\r","G1X36.5Y272Z0F3000\r","G1X36.5Y272Z14.5F3000\r","G1X36.5Y272Z29F300_30\r","\/\/heatblockpos60\r","G1Z0F3000\r","G1X33.5Y218.5Z0F3000\r","G1X33.5Y218.5Z14.5F3000\r","G1X33.5Y218.5Z29F300_180\r","\/\/heatblockpos95 cycle 6\r","G1Z0F3000\r","G1X36.5Y272Z0F3000\r","G1X36.5Y272Z14.5F3000\r","G1X36.5Y272Z29F300_30\r","\/\/heatblockpos60\r","G1Z0F3000\r","G1X33.5Y218.5Z0F3000\r","G1X33.5Y218.5Z14.5F3000\r","G1X33.5Y218.5Z29F300_180\r","\/\/heatblockpos95 cycle 7\r","G1Z0F3000\r","G1X36.5Y272Z0F3000\r","G1X36.5Y272Z14.5F3000\r","G1X36.5Y272Z29F300_30\r","\/\/heatblockpos60\r","G1Z0F3000\r","G1X33.5Y218.5Z0F3000\r","G1X33.5Y218.5Z14.5F3000\r","G1X33.5Y218.5Z29F300_180\r","\/\/heatblockpos95 cycle 8\r","G1Z0F3000\r","G1X36.5Y272Z0F3000\r","G1X36.5Y272Z14.5F3000\r","G1X36.5Y272Z29F300_30\r","\/\/heatblockpos60\r","G1Z0F3000\r","G1X33.5Y218.5Z0F3000\r","G1X33.5Y218.5Z14.5F3000\r","G1X33.5Y218.5Z29F300_180\r","\/\/heatblockpos95 cycle 9\r","G1Z0F3000\r","G1X36.5Y272Z0F3000\r","G1X36.5Y272Z14.5F3000\r","G1X36.5Y272Z29F300_30\r","\/\/heatblockpos60\r","G1Z0F3000\r","G1X33.5Y218.5Z0F3000\r","G1X33.5Y218.5Z14.5F3000\r","G1X33.5Y218.5Z29F300_180\r","\/\/heatblockpos95 cycle 10\r","G1Z0F3000\r","G1X36.5Y272Z0F3000\r","G1X36.5Y272Z14.5F3000\r","G1X36.5Y272Z29F300_30\r","\/\/heatblockpos60\r","G1Z0F3000\r","G1X33.5Y218.5Z0F3000\r","G1X33.5Y218.5Z14.5F3000\r","G1X33.5Y218.5Z29F300_180\r","\/\/heatblockpos95 cycle 11\r","G1Z0F3000\r","G1X36.5Y272Z0F3000\r","G1X36.5Y272Z14.5F3000\r","G1X36.5Y272Z29F300_30\r","\/\/heatblockpos60\r","G1Z0F3000\r","G1X33.5Y218.5Z0F3000\r","G1X33.5Y218.5Z14.5F3000\r","G1X33.5Y218.5Z29F300_180\r","\/\/heatblockpos95 cycle 12\r","G1Z0F3000\r","G1X36.5Y272Z0F3000\r","G1X36.5Y272Z14.5F3000\r","G1X36.5Y272Z29F300_30\r","\/\/heatblockpos60\r","G1Z0F3000\r","G1X33.5Y218.5Z0F3000\r","G1X33.5Y218.5Z14.5F3000\r","G1X33.5Y218.5Z29F300_180\r","\/\/heatblockpos95 cycle 13\r","G1Z0F3000\r","G1X36.5Y272Z0F3000\r","G1X36.5Y272Z14.5F3000\r","G1X36.5Y272Z29F300_30\r","\/\/heatblockpos60\r","G1Z0F3000\r","G1X33.5Y218.5Z0F3000\r","G1X33.5Y218.5Z14.5F3000\r","G1X33.5Y218.5Z29F300_180\r","\/\/heatblockpos95 cycle 14\r","G1Z0F3000\r","G1X36.5Y272Z0F3000\r","G1X36.5Y272Z14.5F3000\r","G1X36.5Y272Z29F300_30\r","\/\/heatblockpos60\r","G1Z0F3000\r","G1X33.5Y218.5Z0F3000\r","G1X33.5Y218.5Z14.5F3000\r","G1X33.5Y218.5Z29F300_180\r","\/\/heatblockpos95 cycle 15\r","G1Z0F3000\r","G1X36.5Y272Z0F3000\r","G1X36.5Y272Z14.5F3000\r","G1X36.5Y272Z29F300_30\r","\/\/heatblockpos60\r","G1Z0F3000\r","G1X33.5Y218.5Z0F3000\r","G1X33.5Y218.5Z14.5F3000\r","G1X33.5Y218.5Z29F300_180\r","\/\/heatblockpos95 cycle 16\r","G1Z0F3000\r","G1X36.5Y272Z0F3000\r","G1X36.5Y272Z14.5F3000\r","G1X36.5Y272Z29F300_30\r","\/\/heatblockpos60\r","G1Z0F3000\r","G1X33.5Y218.5Z0F3000\r","G1X33.5Y218.5Z14.5F3000\r","G1X33.5Y218.5Z29F300_180\r","\/\/heatblockpos95 cycle 17\r","G1Z0F3000\r","G1X36.5Y272Z0F3000\r","G1X36.5Y272Z14.5F3000\r","G1X36.5Y272Z29F300_30\r","\/\/heatblockpos60\r","G1Z0F3000\r","G1X33.5Y218.5Z0F3000\r","G1X33.5Y218.5Z14.5F3000\r","G1X33.5Y218.5Z29F300_180\r","\/\/heatblockpos95 cycle 18\r","G1Z0F3000\r","G1X36.5Y272Z0F3000\r","G1X36.5Y272Z14.5F3000\r","G1X36.5Y272Z29F300_30\r","\/\/heatblockpos60\r","G1Z0F3000\r","G1X33.5Y218.5Z0F3000\r","G1X33.5Y218.5Z14.5F3000\r","G1X33.5Y218.5Z29F300_180\r","\/\/heatblockpos95 cycle 19\r","G1Z0F3000\r","G1X36.5Y272Z0F3000\r","G1X36.5Y272Z14.5F3000\r","G1X36.5Y272Z29F300_30\r","\/\/heatblockpos60\r","G1Z0F3000\r","G1X33.5Y218.5Z0F3000\r","G1X33.5Y218.5Z14.5F3000\r","G1X33.5Y218.5Z29F300_180\r","\/\/heatblockpos95 cycle 20\r","G1Z0F3000\r","G1X36.5Y272Z0F3000\r","G1X36.5Y272Z14.5F3000\r","G1X36.5Y272Z29F300_30\r","\/\/heatblockpos60\r","G1Z0F3000\r","G1X33.5Y218.5Z0F3000\r","G1X33.5Y218.5Z14.5F3000\r","G1X33.5Y218.5Z29F300_180\r","\/\/heatblockpos95 cycle 21\r","G1Z0F3000\r","G1X36.5Y272Z0F3000\r","G1X36.5Y272Z14.5F3000\r","G1X36.5Y272Z29F300_30\r","\/\/heatblockpos60\r","G1Z0F3000\r","G1X33.5Y218.5Z0F3000\r","G1X33.5Y218.5Z14.5F3000\r","G1X33.5Y218.5Z29F300_180\r","\/\/heatblockpos95 cycle 22\r","G1Z0F3000\r","G1X36.5Y272Z0F3000\r","G1X36.5Y272Z14.5F3000\r","G1X36.5Y272Z29F300_30\r","\/\/heatblockpos60\r","G1Z0F3000\r","G1X33.5Y218.5Z0F3000\r","G1X33.5Y218.5Z14.5F3000\r","G1X33.5Y218.5Z29F300_180\r","\/\/heatblockpos95 cycle 23\r","G1Z0F3000\r","G1X36.5Y272Z0F3000\r","G1X36.5Y272Z14.5F3000\r","G1X36.5Y272Z29F300_30\r","\/\/heatblockpos60\r","G1Z0F3000\r","G1X33.5Y218.5Z0F3000\r","G1X33.5Y218.5Z14.5F3000\r","G1X33.5Y218.5Z29F300_180\r","\/\/heatblockpos95 cycle 24\r","G1Z0F3000\r","G1X36.5Y272Z0F3000\r","G1X36.5Y272Z14.5F3000\r","G1X36.5Y272Z29F300_30\r","\/\/heatblockpos60\r","G1Z0F3000\r","G1X33.5Y218.5Z0F3000\r","G1X33.5Y218.5Z14.5F3000\r","G1X33.5Y218.5Z29F300_180\r","\r",""]},{"fname":"fromoidasptodispensetubes","content":["\/\/aspirationoilair_position\r","G1Z0F3000\r","G1X250Y238.5Z0F3000\r","G1Z40.5F3000\r","\/\/valve-1_1_1_1_1_1_1_1-valveinput\r","valve-1_1_1_1_1_1_1_1-input\r","\/\/syringe 300 speed 40 acc 20\r","sg1e300s40a20_10\r","\/\/valve-1_1_1_1_1_1_1_1-valveoutput\r","valve-1_1_1_1_1_1_1_1-output\r","\/\/syringe 350 speed 20 acc 10\r","sg1e350s20a10_6\r","\/\/valve-1_1_1_1_1_1_1_1-valvebypass\r","valve-1_1_1_1_1_1_1_1-bypass\r","G1Z53.5F300_3\r","\/\/valve-1_1_1_1_1_1_1_1-valveoutput\r","valve-1_1_1_1_1_1_1_1-output\r","\/\/syringe 370 speed 6 acc 3\r","sg1e385s6a3_12\r","\/\/valve-1_1_1_1_1_1_1_1-valvebypass\r","valve-1_1_1_1_1_1_1_1-bypass\r","G1Z40.5F500_4\r","\/\/valve-1_1_1_1_1_1_1_1-valveoutput\r","valve-1_1_1_1_1_1_1_1-output\r","\/\/syringe 375 speed 6 acc 3\r","sg1e390s6a3_12\r","\/\/valve-1_1_1_1_1_1_1_1-valvebypass\r","valve-1_1_1_1_1_1_1_1-bypass\r","G1Z0F3000\r","\/\/aspirationsample\r","G1Z0F3000\r","G1X250Y211.5Z0F3000\r","G1X250Y211.5Z40.5F3000\r","G1X250Y211.5Z53.5F300_3\r","\/\/valve-1_1_1_1_1_1_1_1-valveoutput\r","valve-1_1_1_1_1_1_1_1-output\r","\/\/syringe 398 speed 6 acc 3\r","sg1e398s6a3_8\r","\/\/valve-1_1_1_1_1_1_1_1-valvebypass\r","valve-1_1_1_1_1_1_1_1-bypass\r","G1Z40.5F500\r","G1Z0F3000\r","\/\/tubepositions\r","G1X347Y181.5Z0.0F3000\r","G1X347Y181.5Z34.0F3000\r","G1X347Y181.5Z44.0F300\r","G1X347Y181.5Z44.5F300_2\r","G1X347Y181.5Z34.0F500\r","G1X347Y181.5Z44.0F300\r","G1X347Y181.5Z44.5F300_2\r","G1X347Y181.5Z34.0F500\r","G1X347Y181.5Z0F3000\r","\/\/dispenseintotubes\r","\/\/valve-1_1_1_1_1_1_1_1-valveinput\r","valve-1_1_1_1_1_1_1_1-input\r","\/\/syringe 293 speed 40 acc 20\r","sg1e293s40a20_8\r","\/\/valve-1_1_1_1_1_1_1_1-valveoutput\r","valve-1_1_1_1_1_1_1_1-output\r","\/\/syringe 245 speed 40 acc 20\r","sg1e240s40a20_8\r","\/\/valve-1_1_1_1_1_1_1_1-valvebypass\r","valve-1_1_1_1_1_1_1_1-bypass\r",""]},{"fname":"loopercam","content":["\/\/heatblockpos95 cycle 0\r","G1Z0F3000\r","G1X36.5Y272Z0F3000\r","G1X36.5Y272Z14.5F3000\r","G1X36.5Y272Z29F300_30\r","\/\/heatblockpos60\r","G1Z0F3000\r","G1X33.5Y218.5Z0F3000\r","G1X33.5Y218.5Z14.5F3000\r","G1X33.5Y218.5Z29F300_180\r","\/\/heatblockpos95 cycle 1\r","G1Z0F3000\r","G1X36.5Y272Z0F3000\r","G1X36.5Y272Z14.5F3000\r","G1X36.5Y272Z29F300_30\r","\/\/heatblockpos60\r","G1Z0F3000\r","G1X33.5Y218.5Z0F3000\r","G1X33.5Y218.5Z14.5F3000\r","G1X33.5Y218.5Z29F300_180\r","\/\/heatblockpos95 cycle 2\r","G1Z0F3000\r","G1X36.5Y272Z0F3000\r","G1X36.5Y272Z14.5F3000\r","G1X36.5Y272Z29F300_30\r","\/\/heatblockpos60\r","G1Z0F3000\r","G1X33.5Y218.5Z0F3000\r","G1X33.5Y218.5Z14.5F3000\r","G1X33.5Y218.5Z29F300_180\r","\/\/heatblockpos95 cycle 3\r","G1Z0F3000\r","G1X36.5Y272Z0F3000\r","G1X36.5Y272Z14.5F3000\r","G1X36.5Y272Z29F300_30\r","\/\/heatblockpos60\r","G1Z0F3000\r","G1X33.5Y218.5Z0F3000\r","G1X33.5Y218.5Z14.5F3000\r","G1X33.5Y218.5Z29F300_180\r","\/\/heatblockpos95 cycle 4\r","G1Z0F3000\r","G1X36.5Y272Z0F3000\r","G1X36.5Y272Z14.5F3000\r","G1X36.5Y272Z29F300_30\r","\/\/heatblockpos60\r","G1Z0F3000\r","G1X33.5Y218.5Z0F3000\r","G1X33.5Y218.5Z14.5F3000\r","G1X33.5Y218.5Z29F300_180\r","\/\/PCRcam_positioner 5\r","\/\/motion PCRcam zh 0 row 1 F3000\r","G1Z0F3000\r","\/\/1\r","G1X10.5Y98F3000\r","G1Z26.5F3000_2\r","snap 192.168.1.89_400_50_tuberun_5t1\r","\/\/2\r","G1X10.3Y98F3000\r","G1Z27F3000_2\r","snap 192.168.1.89_400_50_tuberun_5t2\r","\/\/3\r","G1X10.1Y98F3000\r","G1Z27.5F3000_2\r","snap 192.168.1.89_400_50_tuberun_5t3\r","\/\/4\r","G1X9.8Y98F3000\r","G1Z27.8F3000_2\r","snap 192.168.1.89_400_50_tuberun_5t4\r","\/\/5\r","G1X9.3Y98F3000\r","G1Z29F3000_2\r","snap 192.168.1.89_400_50_tuberun_5t5\r","\/\/6\r","G1X9.1Y98F3000\r","G1Z29.4F3000_2\r","snap 192.168.1.89_400_50_tuberun_5t6\r","\/\/7\r","G1X9.1Y98F3000\r","G1Z29.8F3000_2\r","snap 192.168.1.89_400_50_tuberun_5t7\r","\/\/heatblockpos95 cycle 5\r","G1Z0F3000\r","G1X36.5Y272Z0F3000\r","G1X36.5Y272Z14.5F3000\r","G1X36.5Y272Z29F300_30\r","\/\/heatblockpos60\r","G1Z0F3000\r","G1X33.5Y218.5Z0F3000\r","G1X33.5Y218.5Z14.5F3000\r","G1X33.5Y218.5Z29F300_180\r","\/\/heatblockpos95 cycle 6\r","G1Z0F3000\r","G1X36.5Y272Z0F3000\r","G1X36.5Y272Z14.5F3000\r","G1X36.5Y272Z29F300_30\r","\/\/heatblockpos60\r","G1Z0F3000\r","G1X33.5Y218.5Z0F3000\r","G1X33.5Y218.5Z14.5F3000\r","G1X33.5Y218.5Z29F300_180\r","\/\/heatblockpos95 cycle 7\r","G1Z0F3000\r","G1X36.5Y272Z0F3000\r","G1X36.5Y272Z14.5F3000\r","G1X36.5Y272Z29F300_30\r","\/\/heatblockpos60\r","G1Z0F3000\r","G1X33.5Y218.5Z0F3000\r","G1X33.5Y218.5Z14.5F3000\r","G1X33.5Y218.5Z29F300_180\r","\/\/heatblockpos95 cycle 8\r","G1Z0F3000\r","G1X36.5Y272Z0F3000\r","G1X36.5Y272Z14.5F3000\r","G1X36.5Y272Z29F300_30\r","\/\/heatblockpos60\r","G1Z0F3000\r","G1X33.5Y218.5Z0F3000\r","G1X33.5Y218.5Z14.5F3000\r","G1X33.5Y218.5Z29F300_180\r","\/\/heatblockpos95 cycle 9\r","G1Z0F3000\r","G1X36.5Y272Z0F3000\r","G1X36.5Y272Z14.5F3000\r","G1X36.5Y272Z29F300_30\r","\/\/heatblockpos60\r","G1Z0F3000\r","G1X33.5Y218.5Z0F3000\r","G1X33.5Y218.5Z14.5F3000\r","G1X33.5Y218.5Z29F300_180\r","\/\/PCRcam_positioner 10\r","\/\/motion PCRcam zh 0 row 1 F3000\r","G1Z0F3000\r","\/\/1\r","G1X10.5Y98F3000\r","G1Z26.5F3000_2\r","snap 192.168.1.89_400_50_tuberun_10t1\r","\/\/2\r","G1X10.3Y98F3000\r","G1Z27F3000_2\r","snap 192.168.1.89_400_50_tuberun_10t2\r","\/\/3\r","G1X10.1Y98F3000\r","G1Z27.5F3000_2\r","snap 192.168.1.89_400_50_tuberun_10t3\r","\/\/4\r","G1X9.8Y98F3000\r","G1Z27.8F3000_2\r","snap 192.168.1.89_400_50_tuberun_10t4\r","\/\/5\r","G1X9.3Y98F3000\r","G1Z29F3000_2\r","snap 192.168.1.89_400_50_tuberun_10t5\r","\/\/6\r","G1X9.1Y98F3000\r","G1Z29.4F3000_2\r","snap 192.168.1.89_400_50_tuberun_10t6\r","\/\/7\r","G1X9.1Y98F3000\r","G1Z29.8F3000_2\r","snap 192.168.1.89_400_50_tuberun_10t7\r","\/\/heatblockpos95 cycle 10\r","G1Z0F3000\r","G1X36.5Y272Z0F3000\r","G1X36.5Y272Z14.5F3000\r","G1X36.5Y272Z29F300_30\r","\/\/heatblockpos60\r","G1Z0F3000\r","G1X33.5Y218.5Z0F3000\r","G1X33.5Y218.5Z14.5F3000\r","G1X33.5Y218.5Z29F300_180\r","\/\/heatblockpos95 cycle 11\r","G1Z0F3000\r","G1X36.5Y272Z0F3000\r","G1X36.5Y272Z14.5F3000\r","G1X36.5Y272Z29F300_30\r","\/\/heatblockpos60\r","G1Z0F3000\r","G1X33.5Y218.5Z0F3000\r","G1X33.5Y218.5Z14.5F3000\r","G1X33.5Y218.5Z29F300_180\r","\/\/heatblockpos95 cycle 12\r","G1Z0F3000\r","G1X36.5Y272Z0F3000\r","G1X36.5Y272Z14.5F3000\r","G1X36.5Y272Z29F300_30\r","\/\/heatblockpos60\r","G1Z0F3000\r","G1X33.5Y218.5Z0F3000\r","G1X33.5Y218.5Z14.5F3000\r","G1X33.5Y218.5Z29F300_180\r","\/\/heatblockpos95 cycle 13\r","G1Z0F3000\r","G1X36.5Y272Z0F3000\r","G1X36.5Y272Z14.5F3000\r","G1X36.5Y272Z29F300_30\r","\/\/heatblockpos60\r","G1Z0F3000\r","G1X33.5Y218.5Z0F3000\r","G1X33.5Y218.5Z14.5F3000\r","G1X33.5Y218.5Z29F300_180\r","\/\/heatblockpos95 cycle 14\r","G1Z0F3000\r","G1X36.5Y272Z0F3000\r","G1X36.5Y272Z14.5F3000\r","G1X36.5Y272Z29F300_30\r","\/\/heatblockpos60\r","G1Z0F3000\r","G1X33.5Y218.5Z0F3000\r","G1X33.5Y218.5Z14.5F3000\r","G1X33.5Y218.5Z29F300_180\r","\/\/PCRcam_positioner 15\r","\/\/motion PCRcam zh 0 row 1 F3000\r","G1Z0F3000\r","\/\/1\r","G1X10.5Y98F3000\r","G1Z26.5F3000_2\r","snap 192.168.1.89_400_50_tuberun_15t1\r","\/\/2\r","G1X10.3Y98F3000\r","G1Z27F3000_2\r","snap 192.168.1.89_400_50_tuberun_15t2\r","\/\/3\r","G1X10.1Y98F3000\r","G1Z27.5F3000_2\r","snap 192.168.1.89_400_50_tuberun_15t3\r","\/\/4\r","G1X9.8Y98F3000\r","G1Z27.8F3000_2\r","snap 192.168.1.89_400_50_tuberun_15t4\r","\/\/5\r","G1X9.3Y98F3000\r","G1Z29F3000_2\r","snap 192.168.1.89_400_50_tuberun_15t5\r","\/\/6\r","G1X9.1Y98F3000\r","G1Z29.4F3000_2\r","snap 192.168.1.89_400_50_tuberun_15t6\r","\/\/7\r","G1X9.1Y98F3000\r","G1Z29.8F3000_2\r","snap 192.168.1.89_400_50_tuberun_15t7\r","\/\/heatblockpos95 cycle 15\r","G1Z0F3000\r","G1X36.5Y272Z0F3000\r","G1X36.5Y272Z14.5F3000\r","G1X36.5Y272Z29F300_30\r","\/\/heatblockpos60\r","G1Z0F3000\r","G1X33.5Y218.5Z0F3000\r","G1X33.5Y218.5Z14.5F3000\r","G1X33.5Y218.5Z29F300_180\r","\/\/heatblockpos95 cycle 16\r","G1Z0F3000\r","G1X36.5Y272Z0F3000\r","G1X36.5Y272Z14.5F3000\r","G1X36.5Y272Z29F300_30\r","\/\/heatblockpos60\r","G1Z0F3000\r","G1X33.5Y218.5Z0F3000\r","G1X33.5Y218.5Z14.5F3000\r","G1X33.5Y218.5Z29F300_180\r","\/\/heatblockpos95 cycle 17\r","G1Z0F3000\r","G1X36.5Y272Z0F3000\r","G1X36.5Y272Z14.5F3000\r","G1X36.5Y272Z29F300_30\r","\/\/heatblockpos60\r","G1Z0F3000\r","G1X33.5Y218.5Z0F3000\r","G1X33.5Y218.5Z14.5F3000\r","G1X33.5Y218.5Z29F300_180\r","\/\/heatblockpos95 cycle 18\r","G1Z0F3000\r","G1X36.5Y272Z0F3000\r","G1X36.5Y272Z14.5F3000\r","G1X36.5Y272Z29F300_30\r","\/\/heatblockpos60\r","G1Z0F3000\r","G1X33.5Y218.5Z0F3000\r","G1X33.5Y218.5Z14.5F3000\r","G1X33.5Y218.5Z29F300_180\r","\/\/heatblockpos95 cycle 19\r","G1Z0F3000\r","G1X36.5Y272Z0F3000\r","G1X36.5Y272Z14.5F3000\r","G1X36.5Y272Z29F300_30\r","\/\/heatblockpos60\r","G1Z0F3000\r","G1X33.5Y218.5Z0F3000\r","G1X33.5Y218.5Z14.5F3000\r","G1X33.5Y218.5Z29F300_180\r","\/\/PCRcam_positioner 20\r","\/\/motion PCRcam zh 0 row 1 F3000\r","G1Z0F3000\r","\/\/1\r","G1X10.5Y98F3000\r","G1Z26.5F3000_2\r","snap 192.168.1.89_400_50_tuberun_20t1\r","\/\/2\r","G1X10.3Y98F3000\r","G1Z27F3000_2\r","snap 192.168.1.89_400_50_tuberun_20t2\r","\/\/3\r","G1X10.1Y98F3000\r","G1Z27.5F3000_2\r","snap 192.168.1.89_400_50_tuberun_20t3\r","\/\/4\r","G1X9.8Y98F3000\r","G1Z27.8F3000_2\r","snap 192.168.1.89_400_50_tuberun_20t4\r","\/\/5\r","G1X9.3Y98F3000\r","G1Z29F3000_2\r","snap 192.168.1.89_400_50_tuberun_20t5\r","\/\/6\r","G1X9.1Y98F3000\r","G1Z29.4F3000_2\r","snap 192.168.1.89_400_50_tuberun_20t6\r","\/\/7\r","G1X9.1Y98F3000\r","G1Z29.8F3000_2\r","snap 192.168.1.89_400_50_tuberun_20t7\r","\/\/heatblockpos95 cycle 20\r","G1Z0F3000\r","G1X36.5Y272Z0F3000\r","G1X36.5Y272Z14.5F3000\r","G1X36.5Y272Z29F300_30\r","\/\/heatblockpos60\r","G1Z0F3000\r","G1X33.5Y218.5Z0F3000\r","G1X33.5Y218.5Z14.5F3000\r","G1X33.5Y218.5Z29F300_180\r","\/\/heatblockpos95 cycle 21\r","G1Z0F3000\r","G1X36.5Y272Z0F3000\r","G1X36.5Y272Z14.5F3000\r","G1X36.5Y272Z29F300_30\r","\/\/heatblockpos60\r","G1Z0F3000\r","G1X33.5Y218.5Z0F3000\r","G1X33.5Y218.5Z14.5F3000\r","G1X33.5Y218.5Z29F300_180\r","\/\/heatblockpos95 cycle 22\r","G1Z0F3000\r","G1X36.5Y272Z0F3000\r","G1X36.5Y272Z14.5F3000\r","G1X36.5Y272Z29F300_30\r","\/\/heatblockpos60\r","G1Z0F3000\r","G1X33.5Y218.5Z0F3000\r","G1X33.5Y218.5Z14.5F3000\r","G1X33.5Y218.5Z29F300_180\r","\/\/heatblockpos95 cycle 23\r","G1Z0F3000\r","G1X36.5Y272Z0F3000\r","G1X36.5Y272Z14.5F3000\r","G1X36.5Y272Z29F300_30\r","\/\/heatblockpos60\r","G1Z0F3000\r","G1X33.5Y218.5Z0F3000\r","G1X33.5Y218.5Z14.5F3000\r","G1X33.5Y218.5Z29F300_180\r","\/\/heatblockpos95 cycle 24\r","G1Z0F3000\r","G1X36.5Y272Z0F3000\r","G1X36.5Y272Z14.5F3000\r","G1X36.5Y272Z29F300_30\r","\/\/heatblockpos60\r","G1Z0F3000\r","G1X33.5Y218.5Z0F3000\r","G1X33.5Y218.5Z14.5F3000\r","G1X33.5Y218.5Z29F300_180\r","\/\/PCRcam_positioner 25\r","\/\/motion PCRcam zh 0 row 1 F3000\r","G1Z0F3000\r","\/\/1\r","G1X10.5Y98F3000\r","G1Z26.5F3000_2\r","snap 192.168.1.89_400_50_tuberun_25t1\r","\/\/2\r","G1X10.3Y98F3000\r","G1Z27F3000_2\r","snap 192.168.1.89_400_50_tuberun_25t2\r","\/\/3\r","G1X10.1Y98F3000\r","G1Z27.5F3000_2\r","snap 192.168.1.89_400_50_tuberun_25t3\r","\/\/4\r","G1X9.8Y98F3000\r","G1Z27.8F3000_2\r","snap 192.168.1.89_400_50_tuberun_25t4\r","\/\/5\r","G1X9.3Y98F3000\r","G1Z29F3000_2\r","snap 192.168.1.89_400_50_tuberun_25t5\r","\/\/6\r","G1X9.1Y98F3000\r","G1Z29.4F3000_2\r","snap 192.168.1.89_400_50_tuberun_25t6\r","\/\/7\r","G1X9.1Y98F3000\r","G1Z29.8F3000_2\r","snap 192.168.1.89_400_50_tuberun_25t7\r",""]},{"fname":"removetube","content":["\/\/removetube\r","\/\/removetube\r","G1X343.0Y41Z0F3000\r","G1X343.0Y41Z36F2500\r","G1X343.0Y31Z36F2500\r","\/\/littlemoves to nudge off\r","G1X343.0Y31Z36F1000\r","G1X343.0Y31Z35F100\r","G1X343.0Y37Z35F500\r","G28Z0_3\r","G1X343.0Y37Z35F2500\r","\/\/littlemoves to nudge off\r","G1X343.0Y31Z36F1000\r","G1X343.0Y31Z35F100\r","G1X343.0Y37Z35F500\r","G28Z0_3\r","G1X343.0Y37Z36F2500\r","\/\/littlemoves to nudge off\r","G1X343.0Y31Z36F1000\r","G1X343.0Y31Z34F100\r","G1X343.0Y37Z34F500\r","G28Z0_3\r","G1X343.0Y37Z36F2500\r","\/\/littlemoves to nudge off\r","G1X343.0Y31Z36F1000\r","G1X343.0Y31Z34F100\r","G1X343.0Y37Z34F500\r","G28Z0_3\r","G1X343.0Y37Z36F2500\r","\/\/littlemoves to nudge off\r","G1X343.0Y31Z36F1000\r","G1X343.0Y31Z33F100\r","G1X343.0Y37Z33F500\r","G28Z0_3\r","G1X343.0Y37Z36F2500\r","\/\/all the way up\r","G1X343.0Y41Z21F1000\r","G28Z0_3\r",""]}]}